{"cameraMode":{"drawMode":0,"name":"Shaded","section":"Shading Mode"},"sceneLighting":true,"audioPlay":false,"sceneViewState":{"showFog":true,"showMaterialUpdate":false,"showSkybox":true,"showFlares":true,"showImageEffects":true,"showParticleSystems":true},"in2DMode":false,"pivot":{"x":4.37750244140625,"y":11.03125,"z":-2.35595703125},"rotation":{"x":0.4527825117111206,"y":0.04009898006916046,"z":-0.020388884469866754,"w":0.8904855251312256},"size":13.80754566192627,"orthographic":true}